{
  "generatedAt": "2026-02-06T12:09:24.153Z",
  "runtime": {
    "node": "v25.5.0",
    "platform": "darwin arm64"
  },
  "scenarios": [
    {
      "name": "series_20",
      "resistorCount": 20,
      "components": 21,
      "wires": 21,
      "nodes": 21,
      "metrics": {
        "importMs": {
          "label": "series_20:import",
          "iterations": 60,
          "avg": 0.18664868333333223,
          "p50": 0.12966699999999776,
          "p95": 0.37220800000000054,
          "min": 0.09512499999999591,
          "max": 0.466124999999991
        },
        "rebuildMs": {
          "label": "series_20:rebuildNodes",
          "iterations": 220,
          "avg": 0.09238070909091013,
          "p50": 0.07270799999999156,
          "p95": 0.2064579999999978,
          "min": 0.05491700000000321,
          "max": 0.2928749999999951
        },
        "solveMs": {
          "label": "series_20:solve",
          "iterations": 320,
          "avg": 0.01788787499999982,
          "p50": 0.010041000000001077,
          "p95": 0.04754099999999539,
          "min": 0.008750000000006253,
          "max": 0.1835840000000104
        },
        "stepMs": {
          "label": "series_20:step",
          "iterations": 220,
          "avg": 0.10100308181818134,
          "p50": 0.09266699999999162,
          "p95": 0.1837500000000034,
          "min": 0.024500000000003297,
          "max": 0.3412079999999946
        }
      },
      "invalidRates": {
        "solveInvalidRate": 0,
        "stepInvalidRate": 0
      }
    },
    {
      "name": "series_60",
      "resistorCount": 60,
      "components": 61,
      "wires": 61,
      "nodes": 61,
      "metrics": {
        "importMs": {
          "label": "series_60:import",
          "iterations": 40,
          "avg": 0.2969990000000031,
          "p50": 0.26404199999998923,
          "p95": 0.4540839999999946,
          "min": 0.225750000000005,
          "max": 0.7853750000000161
        },
        "rebuildMs": {
          "label": "series_60:rebuildNodes",
          "iterations": 180,
          "avg": 0.19638404444444418,
          "p50": 0.17229199999999878,
          "p95": 0.3112909999999829,
          "min": 0.15833399999999642,
          "max": 0.510374999999982
        },
        "solveMs": {
          "label": "series_60:solve",
          "iterations": 260,
          "avg": 0.14690718461538435,
          "p50": 0.12466699999998809,
          "p95": 0.24183300000001395,
          "min": 0.11700000000001864,
          "max": 0.43816699999999287
        },
        "stepMs": {
          "label": "series_60:step",
          "iterations": 180,
          "avg": 0.14903773333333276,
          "p50": 0.13749999999998863,
          "p95": 0.22620799999998553,
          "min": 0.12274999999999636,
          "max": 0.32374999999996135
        }
      },
      "invalidRates": {
        "solveInvalidRate": 0,
        "stepInvalidRate": 0
      }
    },
    {
      "name": "series_120",
      "resistorCount": 120,
      "components": 121,
      "wires": 121,
      "nodes": 121,
      "metrics": {
        "importMs": {
          "label": "series_120:import",
          "iterations": 24,
          "avg": 0.5677344583333314,
          "p50": 0.497291999999959,
          "p95": 0.6914170000000013,
          "min": 0.4373750000000314,
          "max": 1.1308750000000032
        },
        "rebuildMs": {
          "label": "series_120:rebuildNodes",
          "iterations": 120,
          "avg": 0.37629966666666753,
          "p50": 0.3354999999999677,
          "p95": 0.6033750000000282,
          "min": 0.29704199999997627,
          "max": 0.7825839999999857
        },
        "solveMs": {
          "label": "series_120:solve",
          "iterations": 140,
          "avg": 0.9384464357142828,
          "p50": 0.8993340000000103,
          "p95": 1.1727920000000154,
          "min": 0.8444589999999721,
          "max": 1.3734160000000202
        },
        "stepMs": {
          "label": "series_120:step",
          "iterations": 120,
          "avg": 1.0291513500000007,
          "p50": 0.9710840000000189,
          "p95": 1.3901250000000118,
          "min": 0.858333000000016,
          "max": 1.8643329999999878
        }
      },
      "invalidRates": {
        "solveInvalidRate": 0,
        "stepInvalidRate": 0
      }
    }
  ],
  "adversarial": {
    "scenario": "conflicting_ideal_sources",
    "iterations": 120,
    "invalidRate": 1,
    "solveMs": {
      "label": "adversarial:conflictingIdealSource",
      "iterations": 120,
      "avg": 0.007738191666665746,
      "p50": 0.0072079999999914435,
      "p95": 0.008542000000034022,
      "min": 0.007041000000072017,
      "max": 0.04954200000008768
    }
  },
  "summary": {
    "normalScenarioMaxStepAvgMs": 1.0291513500000007,
    "normalScenarioMaxSolveAvgMs": 0.9384464357142828,
    "normalScenarioMaxInvalidRate": 0,
    "adversarialInvalidRate": 1
  }
}