{
  "generatedAt": "2026-02-06T13:14:36.381Z",
  "runtime": {
    "node": "v25.5.0",
    "platform": "darwin arm64"
  },
  "scenarios": [
    {
      "name": "series_20",
      "resistorCount": 20,
      "components": 21,
      "wires": 21,
      "nodes": 21,
      "metrics": {
        "importMs": {
          "label": "series_20:import",
          "iterations": 60,
          "avg": 0.19650488333333296,
          "p50": 0.1375420000000105,
          "p95": 0.4628329999999963,
          "min": 0.09695800000000077,
          "max": 0.5908330000000035
        },
        "rebuildMs": {
          "label": "series_20:rebuildNodes",
          "iterations": 220,
          "avg": 0.09894265454545484,
          "p50": 0.0752910000000071,
          "p95": 0.24399999999999977,
          "min": 0.055708999999993125,
          "max": 0.44120900000000063
        },
        "solveMs": {
          "label": "series_20:solve",
          "iterations": 320,
          "avg": 0.02983814687499975,
          "p50": 0.018291000000004942,
          "p95": 0.08724999999999739,
          "min": 0.01579200000000469,
          "max": 0.4187909999999988
        },
        "stepMs": {
          "label": "series_20:step",
          "iterations": 220,
          "avg": 0.028532213636362644,
          "p50": 0.01929199999999298,
          "p95": 0.06954199999999844,
          "min": 0.015125000000011823,
          "max": 0.15237499999999216
        }
      },
      "invalidRates": {
        "solveInvalidRate": 0,
        "stepInvalidRate": 0
      }
    },
    {
      "name": "series_60",
      "resistorCount": 60,
      "components": 61,
      "wires": 61,
      "nodes": 61,
      "metrics": {
        "importMs": {
          "label": "series_60:import",
          "iterations": 40,
          "avg": 0.4358947999999998,
          "p50": 0.33737500000000864,
          "p95": 0.8757500000000107,
          "min": 0.23799999999999955,
          "max": 1.3428749999999923
        },
        "rebuildMs": {
          "label": "series_60:rebuildNodes",
          "iterations": 180,
          "avg": 0.26182684444444515,
          "p50": 0.21112500000000978,
          "p95": 0.48024999999998386,
          "min": 0.17125000000001478,
          "max": 0.8555829999999958
        },
        "solveMs": {
          "label": "series_60:solve",
          "iterations": 260,
          "avg": 0.10178114999999967,
          "p50": 0.06429199999999469,
          "p95": 0.23312500000000114,
          "min": 0.05283400000001848,
          "max": 0.7774159999999881
        },
        "stepMs": {
          "label": "series_60:step",
          "iterations": 180,
          "avg": 0.07014414444444475,
          "p50": 0.05120799999997416,
          "p95": 0.154042000000004,
          "min": 0.04504199999999514,
          "max": 0.26495800000000713
        }
      },
      "invalidRates": {
        "solveInvalidRate": 0,
        "stepInvalidRate": 0
      }
    },
    {
      "name": "series_120",
      "resistorCount": 120,
      "components": 121,
      "wires": 121,
      "nodes": 121,
      "metrics": {
        "importMs": {
          "label": "series_120:import",
          "iterations": 24,
          "avg": 0.7075086250000003,
          "p50": 0.6161250000000109,
          "p95": 0.9846669999999449,
          "min": 0.4838750000000118,
          "max": 1.4295000000000186
        },
        "rebuildMs": {
          "label": "series_120:rebuildNodes",
          "iterations": 120,
          "avg": 0.4224065666666713,
          "p50": 0.3820410000000152,
          "p95": 0.7277500000000146,
          "min": 0.32816600000001017,
          "max": 1.0871250000000146
        },
        "solveMs": {
          "label": "series_120:solve",
          "iterations": 140,
          "avg": 0.16990509999999728,
          "p50": 0.14674999999999727,
          "p95": 0.3062089999999671,
          "min": 0.13316700000001447,
          "max": 0.4433750000000032
        },
        "stepMs": {
          "label": "series_120:step",
          "iterations": 120,
          "avg": 0.13406073333333288,
          "p50": 0.11270799999999781,
          "p95": 0.23750000000001137,
          "min": 0.09895899999997937,
          "max": 0.3921669999999722
        }
      },
      "invalidRates": {
        "solveInvalidRate": 0,
        "stepInvalidRate": 0
      }
    }
  ],
  "adversarial": {
    "scenario": "conflicting_ideal_sources",
    "iterations": 120,
    "invalidRate": 1,
    "solveMs": {
      "label": "adversarial:conflictingIdealSource",
      "iterations": 120,
      "avg": 0.005212158333332676,
      "p50": 0.004249999999956344,
      "p95": 0.009208000000000993,
      "min": 0.003999999999962256,
      "max": 0.02504199999998491
    }
  },
  "summary": {
    "normalScenarioMaxStepAvgMs": 0.13406073333333288,
    "normalScenarioMaxSolveAvgMs": 0.16990509999999728,
    "normalScenarioMaxInvalidRate": 0,
    "adversarialInvalidRate": 1
  }
}